measure_id,measure_name,location_id,location_name,sex_id,sex_name,age_id,age_name,rei_id,rei_name,metric_id,metric_name,year,val,upper,lower
29,Summary exposure value,1,Global,1,Male,22,All ages,98,Tobacco,3,Rate,2019,26.17448197824678,27.89288450467659,24.699825002445834
29,Summary exposure value,1,Global,2,Female,22,All ages,98,Tobacco,3,Rate,2019,20.465219255684993,21.807894198107544,19.31478040413005
29,Summary exposure value,1,Global,3,Both,22,All ages,98,Tobacco,3,Rate,2019,23.328883865856376,24.717549303012646,22.12025005609923
29,Summary exposure value,1,Global,1,Male,26,70+ years,98,Tobacco,3,Rate,2019,24.674814782259507,26.991515981455848,22.09870304195079
29,Summary exposure value,1,Global,2,Female,26,70+ years,98,Tobacco,3,Rate,2019,6.661091662024342,7.376995858276354,5.997259481558372
29,Summary exposure value,1,Global,3,Both,26,70+ years,98,Tobacco,3,Rate,2019,14.563702370881163,15.88919778266002,13.101145114551496
29,Summary exposure value,1,Global,1,Male,27,Age-standardized,98,Tobacco,3,Rate,2019,26.49690886826434,28.198268236399333,25.04575865469353
29,Summary exposure value,1,Global,2,Female,27,Age-standardized,98,Tobacco,3,Rate,2019,21.753995895846558,23.21114464013531,20.52714967969419
29,Summary exposure value,1,Global,3,Both,27,Age-standardized,98,Tobacco,3,Rate,2019,24.02823236106352,25.437412643375527,22.75490401641509
29,Summary exposure value,1,Global,1,Male,37,20+ years,98,Tobacco,3,Rate,2019,21.89508172179796,23.83762321922236,20.16157068381567
29,Summary exposure value,1,Global,2,Female,37,20+ years,98,Tobacco,3,Rate,2019,13.223890249845882,14.076987286889706,12.416102065384525
29,Summary exposure value,1,Global,3,Both,37,20+ years,98,Tobacco,3,Rate,2019,17.513114249555212,18.76608794690209,16.37110420044834
29,Summary exposure value,1,Global,1,Male,158,<20 years,98,Tobacco,3,Rate,2019,34.387515125332804,36.934194319029515,32.09196008482313
29,Summary exposure value,1,Global,2,Female,158,<20 years,98,Tobacco,3,Rate,2019,35.568180427116616,38.31889145502064,33.24568779896997
29,Summary exposure value,1,Global,3,Both,158,<20 years,98,Tobacco,3,Rate,2019,34.95961682442994,37.50854142973964,32.77377463494471
29,Summary exposure value,1,Global,1,Male,22,All ages,110,Dietary risks,3,Rate,2019,50.99117300955205,62.83979888365195,38.428709965053024
29,Summary exposure value,1,Global,2,Female,22,All ages,110,Dietary risks,3,Rate,2019,43.50671749608165,56.722988040046815,32.40181611552336
29,Summary exposure value,1,Global,3,Both,22,All ages,110,Dietary risks,3,Rate,2019,47.19659577613834,59.67846531680265,35.50111794649129
29,Summary exposure value,1,Global,1,Male,26,70+ years,110,Dietary risks,3,Rate,2019,45.124004513765684,57.046479248326655,32.922588506523134
29,Summary exposure value,1,Global,2,Female,26,70+ years,110,Dietary risks,3,Rate,2019,36.69134907315372,50.30903716541767,25.340865169124033
29,Summary exposure value,1,Global,3,Both,26,70+ years,110,Dietary risks,3,Rate,2019,40.390750509729706,53.10353068389077,28.696035976854812
29,Summary exposure value,1,Global,1,Male,27,Age-standardized,110,Dietary risks,3,Rate,2019,50.78305094330722,62.64599664553151,38.19603641751018
29,Summary exposure value,1,Global,2,Female,27,Age-standardized,110,Dietary risks,3,Rate,2019,43.526806000033794,56.777189923210244,32.42721921782144
29,Summary exposure value,1,Global,3,Both,27,Age-standardized,110,Dietary risks,3,Rate,2019,47.099268289398225,59.62330754825973,35.39463499334941
29,Summary exposure value,1,Global,1,Male,37,20+ years,110,Dietary risks,3,Rate,2019,50.99117300955205,62.83979888365195,38.428709965053024
29,Summary exposure value,1,Global,2,Female,37,20+ years,110,Dietary risks,3,Rate,2019,43.50671749608165,56.722988040046815,32.40181611552336
29,Summary exposure value,1,Global,3,Both,37,20+ years,110,Dietary risks,3,Rate,2019,47.19659577613834,59.67846531680265,35.50111794649129
29,Summary exposure value,102,United States of America,1,Male,22,All ages,169,All risk factors,3,Rate,2019,25.383583874309178,30.252152621489003,20.18913249371677
29,Summary exposure value,102,United States of America,2,Female,22,All ages,169,All risk factors,3,Rate,2019,23.192461280173802,26.284465759521698,19.937312300686152
29,Summary exposure value,102,United States of America,3,Both,22,All ages,169,All risk factors,3,Rate,2019,24.2699827816562,28.022236197169093,20.270915961144183
29,Summary exposure value,102,United States of America,1,Male,26,70+ years,169,All risk factors,3,Rate,2019,24.346031858838504,28.340380632365076,20.40557634076979
29,Summary exposure value,102,United States of America,2,Female,26,70+ years,169,All risk factors,3,Rate,2019,29.86291706867739,33.599274210862184,25.92677349503697
29,Summary exposure value,102,United States of America,3,Both,26,70+ years,169,All risk factors,3,Rate,2019,27.47328503561305,31.18699848633296,23.78412489577559
29,Summary exposure value,102,United States of America,1,Male,27,Age-standardized,169,All risk factors,3,Rate,2019,23.98150892046829,28.73970794032624,18.92752251246337
29,Summary exposure value,102,United States of America,2,Female,27,Age-standardized,169,All risk factors,3,Rate,2019,20.980243397132654,23.767241642959412,18.033685338098778
29,Summary exposure value,102,United States of America,3,Both,27,Age-standardized,169,All risk factors,3,Rate,2019,22.509735120488273,26.105270898809856,18.720751540466686
29,Summary exposure value,102,United States of America,1,Male,37,20+ years,169,All risk factors,3,Rate,2019,29.227850570329323,34.71167491197685,23.05361467829446
29,Summary exposure value,102,United States of America,2,Female,37,20+ years,169,All risk factors,3,Rate,2019,26.400042907992887,30.08101348783209,22.501067546893253
29,Summary exposure value,102,United States of America,3,Both,37,20+ years,169,All risk factors,3,Rate,2019,27.77247634504509,32.196041243234454,23.04190041883777
29,Summary exposure value,102,United States of America,1,Male,158,<20 years,169,All risk factors,3,Rate,2019,14.396654239035056,18.87637493560865,10.969782862586634
29,Summary exposure value,102,United States of America,2,Female,158,<20 years,169,All risk factors,3,Rate,2019,13.028659505503178,15.123504172084107,11.112783141694067
29,Summary exposure value,102,United States of America,3,Both,158,<20 years,169,All risk factors,3,Rate,2019,13.727878136920044,16.9436652418568,11.214772407751173
29,Summary exposure value,102,United States of America,1,Male,22,All ages,203,Behavioral risks,3,Rate,2019,19.64023899483868,23.940371827122856,15.551639130681675
29,Summary exposure value,102,United States of America,2,Female,22,All ages,203,Behavioral risks,3,Rate,2019,16.498343827398987,20.016216769801833,13.513458052519614
29,Summary exposure value,102,United States of America,3,Both,22,All ages,203,Behavioral risks,3,Rate,2019,18.043423782021886,22.00283394006099,14.614277205567024
29,Summary exposure value,102,United States of America,1,Male,26,70+ years,203,Behavioral risks,3,Rate,2019,18.241035129096286,22.98078609040736,14.311350595461281
29,Summary exposure value,102,United States of America,2,Female,26,70+ years,203,Behavioral risks,3,Rate,2019,15.511611841586681,19.6769480876814,12.290404155318585
29,Summary exposure value,102,United States of America,3,Both,26,70+ years,203,Behavioral risks,3,Rate,2019,16.69385817652814,20.928269630223646,13.35698707331118
29,Summary exposure value,102,United States of America,1,Male,27,Age-standardized,203,Behavioral risks,3,Rate,2019,18.9115527463125,23.156208457795515,15.039137550387114
29,Summary exposure value,102,United States of America,2,Female,27,Age-standardized,203,Behavioral risks,3,Rate,2019,15.963653650062676,19.096329490577027,13.130966776405526
29,Summary exposure value,102,United States of America,3,Both,27,Age-standardized,203,Behavioral risks,3,Rate,2019,17.424320028970886,21.073193944743295,14.196227832371855
29,Summary exposure value,102,United States of America,1,Male,37,20+ years,203,Behavioral risks,3,Rate,2019,21.56686742066177,26.775812242932624,16.778006376371334
29,Summary exposure value,102,United States of America,2,Female,37,20+ years,203,Behavioral risks,3,Rate,2019,17.675873439101537,21.863711259991987,14.169227547171943
29,Summary exposure value,102,United States of America,3,Both,37,20+ years,203,Behavioral risks,3,Rate,2019,19.564308184783624,24.24238741761845,15.53974020139204
29,Summary exposure value,102,United States of America,1,Male,158,<20 years,203,Behavioral risks,3,Rate,2019,14.133927226783788,19.544732892797512,10.365853057923616
29,Summary exposure value,102,United States of America,2,Female,158,<20 years,203,Behavioral risks,3,Rate,2019,12.767128555011059,15.914551786289458,10.404057181569703
29,Summary exposure value,102,United States of America,3,Both,158,<20 years,203,Behavioral risks,3,Rate,2019,13.465735847330032,17.849672317441907,10.502947223052404
29,Summary exposure value,1,Global,1,Male,22,All ages,169,All risk factors,3,Rate,2019,22.82793757140721,26.797195020536762,18.580100317101767
29,Summary exposure value,1,Global,2,Female,22,All ages,169,All risk factors,3,Rate,2019,20.096185049279466,22.63800807272591,17.479842219948765
29,Summary exposure value,1,Global,3,Both,22,All ages,169,All risk factors,3,Rate,2019,21.46638351473973,24.753473300484906,18.18411592054546
29,Summary exposure value,1,Global,1,Male,26,70+ years,169,All risk factors,3,Rate,2019,23.962592570489786,27.530456942171483,20.610134072030075
29,Summary exposure value,1,Global,2,Female,26,70+ years,169,All risk factors,3,Rate,2019,23.809741172788204,26.801493982053348,20.63048758238685
29,Summary exposure value,1,Global,3,Both,26,70+ years,169,All risk factors,3,Rate,2019,23.87679699929769,26.847688122587794,20.796743088810953
29,Summary exposure value,1,Global,1,Male,27,Age-standardized,169,All risk factors,3,Rate,2019,22.51605211152695,26.43531373442513,18.410363809165485
29,Summary exposure value,1,Global,2,Female,27,Age-standardized,169,All risk factors,3,Rate,2019,19.932404444743266,22.40232639746147,17.41432218652595
29,Summary exposure value,1,Global,3,Both,27,Age-standardized,169,All risk factors,3,Rate,2019,21.218932804022554,24.41787021056508,18.05018737042859
29,Summary exposure value,1,Global,1,Male,37,20+ years,169,All risk factors,3,Rate,2019,25.974635621619207,30.759376461533478,20.904326046350647
29,Summary exposure value,1,Global,2,Female,37,20+ years,169,All risk factors,3,Rate,2019,21.057036897665775,24.26341302301579,17.617269101440463
29,Summary exposure value,1,Global,3,Both,37,20+ years,169,All risk factors,3,Rate,2019,23.48953796005699,27.478661022499928,19.305866312369748
29,Summary exposure value,1,Global,1,Male,158,<20 years,169,All risk factors,3,Rate,2019,16.78878866232429,20.292286572469706,13.946959771937314
29,Summary exposure value,1,Global,2,Female,158,<20 years,169,All risk factors,3,Rate,2019,18.09217333458247,19.888138210117003,16.2866379716954
29,Summary exposure value,1,Global,3,Both,158,<20 years,169,All risk factors,3,Rate,2019,17.42035510579432,20.052567126275754,15.259465988020946
29,Summary exposure value,1,Global,1,Male,22,All ages,203,Behavioral risks,3,Rate,2019,17.62365912452041,20.57667595682483,15.011705639995899
29,Summary exposure value,1,Global,2,Female,22,All ages,203,Behavioral risks,3,Rate,2019,13.029211170219332,15.343571922018013,10.994044560901173
29,Summary exposure value,1,Global,3,Both,22,All ages,203,Behavioral risks,3,Rate,2019,15.333704525904789,17.79777215986142,13.132427211538062
29,Summary exposure value,1,Global,1,Male,26,70+ years,203,Behavioral risks,3,Rate,2019,22.17864248139779,26.012356745263087,18.6121882725008
29,Summary exposure value,1,Global,2,Female,26,70+ years,203,Behavioral risks,3,Rate,2019,11.483189124296032,15.083725067314482,8.393064628531828
29,Summary exposure value,1,Global,3,Both,26,70+ years,203,Behavioral risks,3,Rate,2019,16.175278797916352,19.692412563575086,12.991560325429031
29,Summary exposure value,1,Global,1,Male,27,Age-standardized,203,Behavioral risks,3,Rate,2019,17.322915736852696,20.21516764634021,14.764949071550673
29,Summary exposure value,1,Global,2,Female,27,Age-standardized,203,Behavioral risks,3,Rate,2019,12.949673557422914,15.126712810844428,11.02026820901842
29,Summary exposure value,1,Global,3,Both,27,Age-standardized,203,Behavioral risks,3,Rate,2019,15.087992434221764,17.42789627534909,12.955336702247441
29,Summary exposure value,1,Global,1,Male,37,20+ years,203,Behavioral risks,3,Rate,2019,20.980803423712626,25.14301593367252,17.413551265679867
29,Summary exposure value,1,Global,2,Female,37,20+ years,203,Behavioral risks,3,Rate,2019,13.727977163162603,17.035507862280106,10.987430023928075
29,Summary exposure value,1,Global,3,Both,37,20+ years,203,Behavioral risks,3,Rate,2019,17.315603680590886,20.798239378605302,14.304773184655895
29,Summary exposure value,1,Global,1,Male,158,<20 years,203,Behavioral risks,3,Rate,2019,11.180621372380607,14.10905257207919,9.289030854058018
29,Summary exposure value,1,Global,2,Female,158,<20 years,203,Behavioral risks,3,Rate,2019,11.5718218359094,12.385834124515736,10.637594966837984
29,Summary exposure value,1,Global,3,Both,158,<20 years,203,Behavioral risks,3,Rate,2019,11.370180978760393,13.213264333162943,10.119171473447231
29,Summary exposure value,103,Latin America and Caribbean,1,Male,22,All ages,98,Tobacco,3,Rate,2019,16.70955979664098,18.623515980016485,15.124203659385959
29,Summary exposure value,103,Latin America and Caribbean,2,Female,22,All ages,98,Tobacco,3,Rate,2019,13.444781446237805,15.140546944037606,12.186907789507233
29,Summary exposure value,103,Latin America and Caribbean,3,Both,22,All ages,98,Tobacco,3,Rate,2019,15.045732775653681,16.688318436311853,13.706461686576613
29,Summary exposure value,103,Latin America and Caribbean,1,Male,26,70+ years,98,Tobacco,3,Rate,2019,15.279052895834552,17.228347689455365,13.556497489335165
29,Summary exposure value,103,Latin America and Caribbean,2,Female,26,70+ years,98,Tobacco,3,Rate,2019,6.500845932967035,7.4611343798178575,5.730305626951843
29,Summary exposure value,103,Latin America and Caribbean,3,Both,26,70+ years,98,Tobacco,3,Rate,2019,10.370700633861244,11.676423315329378,9.200923794041746
29,Summary exposure value,103,Latin America and Caribbean,1,Male,27,Age-standardized,98,Tobacco,3,Rate,2019,16.9925071562207,18.912855035632766,15.403921878545535
29,Summary exposure value,103,Latin America and Caribbean,2,Female,27,Age-standardized,98,Tobacco,3,Rate,2019,14.268975542574355,16.085109525654545,12.923108185282132
29,Summary exposure value,103,Latin America and Caribbean,3,Both,27,Age-standardized,98,Tobacco,3,Rate,2019,15.548142863173315,17.258756830392468,14.188932429241968
29,Summary exposure value,103,Latin America and Caribbean,1,Male,37,20+ years,98,Tobacco,3,Rate,2019,13.398334098446748,14.967638258443095,12.026864795664547
29,Summary exposure value,103,Latin America and Caribbean,2,Female,37,20+ years,98,Tobacco,3,Rate,2019,8.784080685547995,9.794338639139104,7.894390854314802
29,Summary exposure value,103,Latin America and Caribbean,3,Both,37,20+ years,98,Tobacco,3,Rate,2019,11.003078829087508,12.249873865316752,9.935515796839251
29,Summary exposure value,103,Latin America and Caribbean,1,Male,158,<20 years,98,Tobacco,3,Rate,2019,23.02408165625621,26.65397182399221,20.22906020301172
29,Summary exposure value,103,Latin America and Caribbean,2,Female,158,<20 years,98,Tobacco,3,Rate,2019,23.41051630843343,27.036042770220327,20.73851731484658
29,Summary exposure value,103,Latin America and Caribbean,3,Both,158,<20 years,98,Tobacco,3,Rate,2019,23.213626434546395,26.443498036012357,20.760712426596015
29,Summary exposure value,103,Latin America and Caribbean,1,Male,22,All ages,110,Dietary risks,3,Rate,2019,42.98533154884214,57.26357283501744,26.750923504565083
29,Summary exposure value,103,Latin America and Caribbean,2,Female,22,All ages,110,Dietary risks,3,Rate,2019,33.193160333909944,48.04736989857098,21.458202167604597
29,Summary exposure value,103,Latin America and Caribbean,3,Both,22,All ages,110,Dietary risks,3,Rate,2019,37.87426423098445,52.32928464321761,24.118106034183757
29,Summary exposure value,103,Latin America and Caribbean,1,Male,26,70+ years,110,Dietary risks,3,Rate,2019,40.023780785516685,55.37247864151291,23.57886830018496
29,Summary exposure value,103,Latin America and Caribbean,2,Female,26,70+ years,110,Dietary risks,3,Rate,2019,30.291857554601272,46.23396792516216,18.469978810658215
29,Summary exposure value,103,Latin America and Caribbean,3,Both,26,70+ years,110,Dietary risks,3,Rate,2019,34.58215613416415,49.7609563156869,20.924505724235047
29,Summary exposure value,103,Latin America and Caribbean,1,Male,27,Age-standardized,110,Dietary risks,3,Rate,2019,42.89707147735744,57.132296088379974,26.681896959539912
29,Summary exposure value,103,Latin America and Caribbean,2,Female,27,Age-standardized,110,Dietary risks,3,Rate,2019,33.23668802196572,48.09305164053553,21.48901860606236
29,Summary exposure value,103,Latin America and Caribbean,3,Both,27,Age-standardized,110,Dietary risks,3,Rate,2019,37.83775618253145,52.30382045068932,24.08678246985031
29,Summary exposure value,103,Latin America and Caribbean,1,Male,37,20+ years,110,Dietary risks,3,Rate,2019,42.98533154884214,57.26357283501744,26.750923504565083
29,Summary exposure value,103,Latin America and Caribbean,2,Female,37,20+ years,110,Dietary risks,3,Rate,2019,33.193160333909944,48.04736989857098,21.458202167604597
29,Summary exposure value,103,Latin America and Caribbean,3,Both,37,20+ years,110,Dietary risks,3,Rate,2019,37.87426423098445,52.32928464321761,24.118106034183757
29,Summary exposure value,1,Global,1,Male,22,All ages,98,Tobacco,3,Rate,2009,28.020933796062113,29.86057775055552,26.366116951589653
29,Summary exposure value,1,Global,2,Female,22,All ages,98,Tobacco,3,Rate,2009,23.094216380151604,24.53774013454752,21.839683712058886
29,Summary exposure value,1,Global,3,Both,22,All ages,98,Tobacco,3,Rate,2009,25.57115638291713,27.08530268395797,24.192299695528522
29,Summary exposure value,1,Global,1,Male,26,70+ years,98,Tobacco,3,Rate,2009,26.808001305134038,29.29637323265009,23.992671421953933
29,Summary exposure value,1,Global,2,Female,26,70+ years,98,Tobacco,3,Rate,2009,7.308998201690739,8.056746360847287,6.608415601130524
29,Summary exposure value,1,Global,3,Both,26,70+ years,98,Tobacco,3,Rate,2009,15.70068980295728,17.154033474092174,14.134036301915856
29,Summary exposure value,1,Global,1,Male,27,Age-standardized,98,Tobacco,3,Rate,2009,28.110063821943974,29.93686219637899,26.515545359625968
29,Summary exposure value,1,Global,2,Female,27,Age-standardized,98,Tobacco,3,Rate,2009,23.158369137274384,24.592980652628086,21.937002301303398
29,Summary exposure value,1,Global,3,Both,27,Age-standardized,98,Tobacco,3,Rate,2009,25.536199546661514,27.011919401245322,24.18293921600477
29,Summary exposure value,1,Global,1,Male,37,20+ years,98,Tobacco,3,Rate,2009,23.529071179126355,25.611894390367908,21.73398774411463
29,Summary exposure value,1,Global,2,Female,37,20+ years,98,Tobacco,3,Rate,2009,15.35545816479959,16.314327132668343,14.476004669214934
29,Summary exposure value,1,Global,3,Both,37,20+ years,98,Tobacco,3,Rate,2009,19.403683772146515,20.761678602321368,18.153537266752984
29,Summary exposure value,44635,High SDI,1,Male,22,All ages,98,Tobacco,3,Rate,2009,29.590531523409584,31.14674174576909,28.18796730527435
29,Summary exposure value,44635,High SDI,2,Female,22,All ages,98,Tobacco,3,Rate,2009,22.86997569855829,23.835161285440435,21.95433802970056
29,Summary exposure value,44635,High SDI,3,Both,22,All ages,98,Tobacco,3,Rate,2009,26.208168249311043,27.39629920868459,25.075492265610922
29,Summary exposure value,44635,High SDI,1,Male,26,70+ years,98,Tobacco,3,Rate,2009,24.561878781101782,27.12312731453292,21.44962201187263
29,Summary exposure value,44635,High SDI,2,Female,26,70+ years,98,Tobacco,3,Rate,2009,11.137296563052123,12.336446762685492,9.784875473440929
29,Summary exposure value,44635,High SDI,3,Both,26,70+ years,98,Tobacco,3,Rate,2009,16.643060018162778,18.30830929517197,14.614969298298744
29,Summary exposure value,44635,High SDI,1,Male,27,Age-standardized,98,Tobacco,3,Rate,2009,31.37448638596261,32.65043317358836,30.196911622357913
29,Summary exposure value,44635,High SDI,2,Female,27,Age-standardized,98,Tobacco,3,Rate,2009,27.10485790816487,27.984736470630345,26.25381059873912
29,Summary exposure value,44635,High SDI,3,Both,27,Age-standardized,98,Tobacco,3,Rate,2009,29.16412296961488,30.176694774555095,28.23205436181931
29,Summary exposure value,44635,High SDI,1,Male,37,20+ years,98,Tobacco,3,Rate,2009,25.64859696765012,27.61922505458289,23.833566845096396
29,Summary exposure value,44635,High SDI,2,Female,37,20+ years,98,Tobacco,3,Rate,2009,17.069488122806924,18.29962637718987,15.908198867073523
29,Summary exposure value,44635,High SDI,3,Both,37,20+ years,98,Tobacco,3,Rate,2009,21.283999983708103,22.809327152629642,19.877571593646813
29,Summary exposure value,44635,High SDI,1,Male,158,<20 years,98,Tobacco,3,Rate,2009,41.51509357949797,42.79147648258712,40.27365095648457
29,Summary exposure value,44635,High SDI,2,Female,158,<20 years,98,Tobacco,3,Rate,2009,42.08840689054551,43.18306324808387,41.07356947875702
29,Summary exposure value,44635,High SDI,3,Both,158,<20 years,98,Tobacco,3,Rate,2009,41.79372494134572,42.718020361794224,40.91522161990159
29,Summary exposure value,44637,Low SDI,1,Male,22,All ages,98,Tobacco,3,Rate,2019,16.169003640158742,18.38523533653148,14.393030719582969
29,Summary exposure value,44637,Low SDI,2,Female,22,All ages,98,Tobacco,3,Rate,2019,14.391083978483168,16.632675268512017,12.718871330616166
29,Summary exposure value,44637,Low SDI,3,Both,22,All ages,98,Tobacco,3,Rate,2019,15.282919369598428,17.53984697241437,13.599939055085175
29,Summary exposure value,44637,Low SDI,1,Male,26,70+ years,98,Tobacco,3,Rate,2019,12.961750322101363,14.831901142586752,11.270617276529366
29,Summary exposure value,44637,Low SDI,2,Female,26,70+ years,98,Tobacco,3,Rate,2019,4.107061462211909,4.853636761502028,3.492014339306132
29,Summary exposure value,44637,Low SDI,3,Both,26,70+ years,98,Tobacco,3,Rate,2019,8.331334926177968,9.519265079933607,7.260199655778217
29,Summary exposure value,44637,Low SDI,1,Male,27,Age-standardized,98,Tobacco,3,Rate,2019,14.810876536672954,16.638724957785513,13.307606599507155
29,Summary exposure value,44637,Low SDI,2,Female,27,Age-standardized,98,Tobacco,3,Rate,2019,11.679231918558912,13.415947777104131,10.38036144895052
29,Summary exposure value,44637,Low SDI,3,Both,27,Age-standardized,98,Tobacco,3,Rate,2019,13.231452107052025,14.963877060834504,11.886499246565469
29,Summary exposure value,44637,Low SDI,1,Male,37,20+ years,98,Tobacco,3,Rate,2019,12.648583571165508,14.207541848456534,11.273100892410545
29,Summary exposure value,44637,Low SDI,2,Female,37,20+ years,98,Tobacco,3,Rate,2019,9.261707121702885,10.615592919684554,8.116270854957907
29,Summary exposure value,44637,Low SDI,3,Both,37,20+ years,98,Tobacco,3,Rate,2019,10.935950726180293,12.3190784144596,9.738942620740797
29,Summary exposure value,44637,Low SDI,1,Male,158,<20 years,98,Tobacco,3,Rate,2019,19.219637401248352,22.414758826674262,16.788430556532326
29,Summary exposure value,44637,Low SDI,2,Female,158,<20 years,98,Tobacco,3,Rate,2019,19.087735893203085,22.08801112150259,16.809479503655034
29,Summary exposure value,44637,Low SDI,3,Both,158,<20 years,98,Tobacco,3,Rate,2019,19.154755822933467,22.16117084828847,16.86183585514668
29,Summary exposure value,44635,High SDI,1,Male,22,All ages,110,Dietary risks,3,Rate,2019,45.11198471573874,58.45437681640922,30.300780768790993
29,Summary exposure value,44635,High SDI,2,Female,22,All ages,110,Dietary risks,3,Rate,2019,35.214744387953196,48.570308700342665,25.228482346902293
29,Summary exposure value,44635,High SDI,3,Both,22,All ages,110,Dietary risks,3,Rate,2019,40.092677832059934,53.26427439688294,27.71938401650863
29,Summary exposure value,44635,High SDI,1,Male,26,70+ years,110,Dietary risks,3,Rate,2019,39.31551263995439,53.13475286897239,26.30966871878446
29,Summary exposure value,44635,High SDI,2,Female,26,70+ years,110,Dietary risks,3,Rate,2019,32.17275644668217,45.68012576586047,22.874876736071805
29,Summary exposure value,44635,High SDI,3,Both,26,70+ years,110,Dietary risks,3,Rate,2019,35.24560002442711,49.1172010228023,24.40792244722718
29,Summary exposure value,44635,High SDI,1,Male,27,Age-standardized,110,Dietary risks,3,Rate,2019,45.9986297712509,59.20964806369183,30.894620658939065
29,Summary exposure value,44635,High SDI,2,Female,27,Age-standardized,110,Dietary risks,3,Rate,2019,36.12982950784635,49.53926073909089,26.04949404315513
29,Summary exposure value,44635,High SDI,3,Both,27,Age-standardized,110,Dietary risks,3,Rate,2019,41.10640290900854,54.35584057110338,28.523886133070125
29,Summary exposure value,44635,High SDI,1,Male,37,20+ years,110,Dietary risks,3,Rate,2019,45.11198471573874,58.45437681640922,30.300780768790993
29,Summary exposure value,44635,High SDI,2,Female,37,20+ years,110,Dietary risks,3,Rate,2019,35.214744387953196,48.570308700342665,25.228482346902293
29,Summary exposure value,44635,High SDI,3,Both,37,20+ years,110,Dietary risks,3,Rate,2019,40.092677832059934,53.26427439688294,27.71938401650863
29,Summary exposure value,102,United States of America,1,Male,22,All ages,98,Tobacco,3,Rate,2009,26.92418418624143,28.24379751016415,25.5538267230702
29,Summary exposure value,102,United States of America,2,Female,22,All ages,98,Tobacco,3,Rate,2009,22.76443462502093,23.849100321505365,21.736206287325118
29,Summary exposure value,102,United States of America,3,Both,22,All ages,98,Tobacco,3,Rate,2009,24.81216952791724,25.920592857936864,23.723164787396207
29,Summary exposure value,102,United States of America,1,Male,26,70+ years,98,Tobacco,3,Rate,2009,21.814252580644244,24.719302220056036,18.760053719462334
29,Summary exposure value,102,United States of America,2,Female,26,70+ years,98,Tobacco,3,Rate,2009,15.262845849486459,17.03006778501681,13.16849688991357
29,Summary exposure value,102,United States of America,3,Both,26,70+ years,98,Tobacco,3,Rate,2009,17.963591096015076,20.096943266970833,15.554034421881116
29,Summary exposure value,102,United States of America,1,Male,27,Age-standardized,98,Tobacco,3,Rate,2009,27.638450458577328,28.90110043863585,26.331974826118
29,Summary exposure value,102,United States of America,2,Female,27,Age-standardized,98,Tobacco,3,Rate,2009,24.536515726134258,25.497699464859856,23.592927692393346
29,Summary exposure value,102,United States of America,3,Both,27,Age-standardized,98,Tobacco,3,Rate,2009,26.042857739673707,27.012422011154875,25.075178411811272
29,Summary exposure value,102,United States of America,1,Male,37,20+ years,98,Tobacco,3,Rate,2009,23.764208283935226,25.48760029626333,22.010543810086766
29,Summary exposure value,102,United States of America,2,Female,37,20+ years,98,Tobacco,3,Rate,2009,18.415211605503128,19.773064132166603,17.096067134610927
29,Summary exposure value,102,United States of America,3,Both,37,20+ years,98,Tobacco,3,Rate,2009,21.00872201685277,22.434591497501586,19.663046814062
29,Summary exposure value,102,United States of America,1,Male,158,<20 years,98,Tobacco,3,Rate,2009,34.83400440451946,36.590820789120535,32.97934437563037
29,Summary exposure value,102,United States of America,2,Female,158,<20 years,98,Tobacco,3,Rate,2009,34.89337435896023,36.24077610355485,33.54844931925543
29,Summary exposure value,102,United States of America,3,Both,158,<20 years,98,Tobacco,3,Rate,2009,34.86298486921275,36.05725918868906,33.70719764312575
29,Summary exposure value,102,United States of America,1,Male,22,All ages,110,Dietary risks,3,Rate,2009,44.557264803219084,58.688226642791044,28.528215502228772
29,Summary exposure value,102,United States of America,2,Female,22,All ages,110,Dietary risks,3,Rate,2009,33.211391942612224,47.49868284639954,23.219235451025085
29,Summary exposure value,102,United States of America,3,Both,22,All ages,110,Dietary risks,3,Rate,2009,38.681466920783215,52.55585707849965,26.008976205714635
29,Summary exposure value,102,United States of America,1,Male,26,70+ years,110,Dietary risks,3,Rate,2009,32.67012759523166,47.35694049031229,21.32577025035317
29,Summary exposure value,102,United States of America,2,Female,26,70+ years,110,Dietary risks,3,Rate,2009,26.708837242980586,40.49518534975456,18.715392821857574
29,Summary exposure value,102,United States of America,3,Both,26,70+ years,110,Dietary risks,3,Rate,2009,29.166313513756066,42.87004386042426,20.385034463027836
29,Summary exposure value,102,United States of America,1,Male,27,Age-standardized,110,Dietary risks,3,Rate,2009,45.27570407730483,59.176505334599426,29.1665943782321
29,Summary exposure value,102,United States of America,2,Female,27,Age-standardized,110,Dietary risks,3,Rate,2009,34.32256723152309,48.700841830585325,23.995650703439264
29,Summary exposure value,102,United States of America,3,Both,27,Age-standardized,110,Dietary risks,3,Rate,2009,39.701425599652026,53.52882411122165,26.76727124621326
29,Summary exposure value,102,United States of America,1,Male,37,20+ years,110,Dietary risks,3,Rate,2009,44.557264803219084,58.688226642791044,28.528215502228772
29,Summary exposure value,102,United States of America,2,Female,37,20+ years,110,Dietary risks,3,Rate,2009,33.211391942612224,47.49868284639954,23.219235451025085
29,Summary exposure value,102,United States of America,3,Both,37,20+ years,110,Dietary risks,3,Rate,2009,38.681466920783215,52.55585707849965,26.008976205714635
29,Summary exposure value,103,Latin America and Caribbean,1,Male,22,All ages,169,All risk factors,3,Rate,2019,21.291158427198905,25.895209532211865,16.47597393852563
29,Summary exposure value,103,Latin America and Caribbean,2,Female,22,All ages,169,All risk factors,3,Rate,2019,19.133856302623293,22.176181412374294,16.299767081019855
29,Summary exposure value,103,Latin America and Caribbean,3,Both,22,All ages,169,All risk factors,3,Rate,2019,20.19173384700989,23.89767137325869,16.438479579991824
29,Summary exposure value,103,Latin America and Caribbean,1,Male,26,70+ years,169,All risk factors,3,Rate,2019,21.899655179614065,25.66073261104972,18.337383839899786
29,Summary exposure value,103,Latin America and Caribbean,2,Female,26,70+ years,169,All risk factors,3,Rate,2019,23.926434797863962,27.331657508975688,20.498782039847143
29,Summary exposure value,103,Latin America and Caribbean,3,Both,26,70+ years,169,All risk factors,3,Rate,2019,23.03293312189085,26.41946977937971,19.6256411132061
29,Summary exposure value,103,Latin America and Caribbean,1,Male,27,Age-standardized,169,All risk factors,3,Rate,2019,20.948380003051458,25.4916008264161,16.30533166660661
29,Summary exposure value,103,Latin America and Caribbean,2,Female,27,Age-standardized,169,All risk factors,3,Rate,2019,18.812375614850268,21.70114286835345,16.145356496845082
29,Summary exposure value,103,Latin America and Caribbean,3,Both,27,Age-standardized,169,All risk factors,3,Rate,2019,19.856202271432775,23.42847366595213,16.272743180111583
29,Summary exposure value,103,Latin America and Caribbean,1,Male,37,20+ years,169,All risk factors,3,Rate,2019,24.87001821442289,30.41538383868571,18.90003407310324
29,Summary exposure value,103,Latin America and Caribbean,2,Female,37,20+ years,169,All risk factors,3,Rate,2019,21.218864786552814,25.026536953065865,17.390284761004505
29,Summary exposure value,103,Latin America and Caribbean,3,Both,37,20+ years,169,All risk factors,3,Rate,2019,22.974707379760513,27.619001623979305,18.188584036791188
29,Summary exposure value,103,Latin America and Caribbean,1,Male,158,<20 years,169,All risk factors,3,Rate,2019,14.466257191608674,18.39171465943509,11.466206966383966
29,Summary exposure value,103,Latin America and Caribbean,2,Female,158,<20 years,169,All risk factors,3,Rate,2019,14.67559073201957,16.35682578157057,13.263940300569402
29,Summary exposure value,103,Latin America and Caribbean,3,Both,158,<20 years,169,All risk factors,3,Rate,2019,14.568934524716179,17.19648017970041,12.56899541492853
29,Summary exposure value,103,Latin America and Caribbean,1,Male,22,All ages,203,Behavioral risks,3,Rate,2019,15.012556600551447,18.58294282061103,11.67648523539868
29,Summary exposure value,103,Latin America and Caribbean,2,Female,22,All ages,203,Behavioral risks,3,Rate,2019,10.657906102976506,12.709129278688177,8.995389499380888
29,Summary exposure value,103,Latin America and Caribbean,3,Both,22,All ages,203,Behavioral risks,3,Rate,2019,12.793298694750208,15.441875505824576,10.408593048333808
29,Summary exposure value,103,Latin America and Caribbean,1,Male,26,70+ years,203,Behavioral risks,3,Rate,2019,15.774986892307153,19.971377569090304,11.743675134103924
29,Summary exposure value,103,Latin America and Caribbean,2,Female,26,70+ years,203,Behavioral risks,3,Rate,2019,7.658911548493523,11.195436318560033,5.239556973199465
29,Summary exposure value,103,Latin America and Caribbean,3,Both,26,70+ years,203,Behavioral risks,3,Rate,2019,11.236866870682563,14.958089687945733,8.20882038260486
29,Summary exposure value,103,Latin America and Caribbean,1,Male,27,Age-standardized,203,Behavioral risks,3,Rate,2019,14.823052575930909,18.254090590763624,11.59743072210263
29,Summary exposure value,103,Latin America and Caribbean,2,Female,27,Age-standardized,203,Behavioral risks,3,Rate,2019,10.745393584493376,12.683431673269988,9.176638054172004
29,Summary exposure value,103,Latin America and Caribbean,3,Both,27,Age-standardized,203,Behavioral risks,3,Rate,2019,12.682849500805352,15.219759225167834,10.38913969910761
29,Summary exposure value,103,Latin America and Caribbean,1,Male,37,20+ years,203,Behavioral risks,3,Rate,2019,17.529578762681222,22.441781230519545,13.01657528418836
29,Summary exposure value,103,Latin America and Caribbean,2,Female,37,20+ years,203,Behavioral risks,3,Rate,2019,10.26791248113516,13.201856743288062,8.014375747594707
29,Summary exposure value,103,Latin America and Caribbean,3,Both,37,20+ years,203,Behavioral risks,3,Rate,2019,13.760053583032587,17.44590522409764,10.427274946761314
29,Summary exposure value,103,Latin America and Caribbean,1,Male,158,<20 years,203,Behavioral risks,3,Rate,2019,10.212584350827667,13.286635839920812,7.9797635803536116
29,Summary exposure value,103,Latin America and Caribbean,2,Female,158,<20 years,203,Behavioral risks,3,Rate,2019,11.491809250331338,12.511231422611536,10.543112548143144
29,Summary exposure value,103,Latin America and Caribbean,3,Both,158,<20 years,203,Behavioral risks,3,Rate,2019,10.84003946799586,12.663736990471364,9.451969213165121
29,Summary exposure value,44635,High SDI,1,Male,22,All ages,110,Dietary risks,3,Rate,2009,46.11554372411595,58.96025393877955,31.431783575041866
29,Summary exposure value,44635,High SDI,2,Female,22,All ages,110,Dietary risks,3,Rate,2009,35.80297406272208,48.885105221475875,25.759149896349694
29,Summary exposure value,44635,High SDI,3,Both,22,All ages,110,Dietary risks,3,Rate,2009,40.84052920638651,53.71782939052131,28.56756584886611
29,Summary exposure value,44635,High SDI,1,Male,26,70+ years,110,Dietary risks,3,Rate,2009,39.300509683461705,52.76577245024053,26.709059458675537
29,Summary exposure value,44635,High SDI,2,Female,26,70+ years,110,Dietary risks,3,Rate,2009,32.608014000465545,45.75035912548927,23.441674098547672
29,Summary exposure value,44635,High SDI,3,Both,26,70+ years,110,Dietary risks,3,Rate,2009,35.35277711908119,48.58405714690002,24.732437845442785
29,Summary exposure value,44635,High SDI,1,Male,27,Age-standardized,110,Dietary risks,3,Rate,2009,46.65737065741007,59.43960037759398,31.881718112766883
29,Summary exposure value,44635,High SDI,2,Female,27,Age-standardized,110,Dietary risks,3,Rate,2009,36.509274224034236,49.52031162609176,26.360208709450074
29,Summary exposure value,44635,High SDI,3,Both,27,Age-standardized,110,Dietary risks,3,Rate,2009,41.57637711933698,54.36533316732445,29.09648535253097
29,Summary exposure value,44635,High SDI,1,Male,37,20+ years,110,Dietary risks,3,Rate,2009,46.11554372411595,58.96025393877955,31.431783575041866
29,Summary exposure value,44635,High SDI,2,Female,37,20+ years,110,Dietary risks,3,Rate,2009,35.80297406272208,48.885105221475875,25.759149896349694
29,Summary exposure value,44635,High SDI,3,Both,37,20+ years,110,Dietary risks,3,Rate,2009,40.84052920638651,53.71782939052131,28.56756584886611
29,Summary exposure value,44635,High SDI,1,Male,22,All ages,169,All risk factors,3,Rate,2009,24.76663554073271,29.014057106333187,20.03098887386928
29,Summary exposure value,44635,High SDI,2,Female,22,All ages,169,All risk factors,3,Rate,2009,21.057645651967878,23.982442477278372,18.098680633816137
29,Summary exposure value,44635,High SDI,3,Both,22,All ages,169,All risk factors,3,Rate,2009,22.899951964149427,26.44042717294791,19.099234225432827
29,Summary exposure value,44635,High SDI,1,Male,26,70+ years,169,All risk factors,3,Rate,2009,25.037387820447666,28.66820373647117,21.56169561333479
29,Summary exposure value,44635,High SDI,2,Female,26,70+ years,169,All risk factors,3,Rate,2009,25.872387289786104,29.039181796880143,22.57871287264109
29,Summary exposure value,44635,High SDI,3,Both,26,70+ years,169,All risk factors,3,Rate,2009,25.529932717371985,28.745107914026242,22.283928625129814
29,Summary exposure value,44635,High SDI,1,Male,27,Age-standardized,169,All risk factors,3,Rate,2009,23.16357757388571,27.366240560250837,18.814588065353426
29,Summary exposure value,44635,High SDI,2,Female,27,Age-standardized,169,All risk factors,3,Rate,2009,19.42508598724584,22.090327449424613,16.805320670669964
29,Summary exposure value,44635,High SDI,3,Both,27,Age-standardized,169,All risk factors,3,Rate,2009,21.333055394219453,24.66619067131456,17.905491774183353
29,Summary exposure value,44635,High SDI,1,Male,37,20+ years,169,All risk factors,3,Rate,2009,27.925349259188607,32.56189342399717,22.610043047248627
29,Summary exposure value,44635,High SDI,2,Female,37,20+ years,169,All risk factors,3,Rate,2009,23.290450387654147,26.774061880878058,19.734599838186845
29,Summary exposure value,44635,High SDI,3,Both,37,20+ years,169,All risk factors,3,Rate,2009,25.567357770627968,29.608249933861913,21.120224311737974
29,Summary exposure value,44635,High SDI,1,Male,158,<20 years,169,All risk factors,3,Rate,2009,15.21135824722418,19.514930562773518,12.204256458910436
29,Summary exposure value,44635,High SDI,2,Female,158,<20 years,169,All risk factors,3,Rate,2009,13.659818552515613,15.37872010236313,12.080241266404764
29,Summary exposure value,44635,High SDI,3,Both,158,<20 years,169,All risk factors,3,Rate,2009,14.457306998514113,17.21757926369701,12.303363486866832
29,Summary exposure value,44635,High SDI,1,Male,22,All ages,203,Behavioral risks,3,Rate,2009,22.32598528158013,26.594502218005502,18.45475901737393
29,Summary exposure value,44635,High SDI,2,Female,22,All ages,203,Behavioral risks,3,Rate,2009,16.134266175587705,19.12096719563478,13.65143261998708
29,Summary exposure value,44635,High SDI,3,Both,22,All ages,203,Behavioral risks,3,Rate,2009,19.209778251470908,22.724554703046635,16.12096413933708
29,Summary exposure value,44635,High SDI,1,Male,26,70+ years,203,Behavioral risks,3,Rate,2009,22.63611499260447,27.505717410984037,18.493872704665122
29,Summary exposure value,44635,High SDI,2,Female,26,70+ years,203,Behavioral risks,3,Rate,2009,14.13592251845546,17.739620373302127,11.311677550278352
29,Summary exposure value,44635,High SDI,3,Both,26,70+ years,203,Behavioral risks,3,Rate,2009,17.62206818209127,21.63830568530986,14.376505386981005
29,Summary exposure value,44635,High SDI,1,Male,27,Age-standardized,203,Behavioral risks,3,Rate,2009,21.309904853996155,25.644053264516604,17.464377174432972
29,Summary exposure value,44635,High SDI,2,Female,27,Age-standardized,203,Behavioral risks,3,Rate,2009,15.916091318992933,18.425514082559342,13.767759648355273
29,Summary exposure value,44635,High SDI,3,Both,27,Age-standardized,203,Behavioral risks,3,Rate,2009,18.601312702247128,21.88124337542098,15.692764760394711
29,Summary exposure value,44635,High SDI,1,Male,37,20+ years,203,Behavioral risks,3,Rate,2009,24.22892804962817,29.434706399198635,19.707515879815997
29,Summary exposure value,44635,High SDI,2,Female,37,20+ years,203,Behavioral risks,3,Rate,2009,16.78974292953931,20.409398588310275,13.821165255114382
29,Summary exposure value,44635,High SDI,3,Both,37,20+ years,203,Behavioral risks,3,Rate,2009,20.444263986571915,24.81372673301538,16.7193875542244
29,Summary exposure value,44635,High SDI,1,Male,158,<20 years,203,Behavioral risks,3,Rate,2009,16.56948202009928,22.303159979283954,12.666475120788686
29,Summary exposure value,44635,High SDI,2,Female,158,<20 years,203,Behavioral risks,3,Rate,2009,13.96251169301142,16.021832452606965,12.32153868637334
29,Summary exposure value,44635,High SDI,3,Both,158,<20 years,203,Behavioral risks,3,Rate,2009,15.302489472506139,19.358600785550546,12.65029213286015
29,Summary exposure value,44637,Low SDI,1,Male,22,All ages,98,Tobacco,3,Rate,2009,16.557405633205722,18.927300135355615,14.728175675687899
29,Summary exposure value,44637,Low SDI,2,Female,22,All ages,98,Tobacco,3,Rate,2009,14.864963218425736,17.329657297159613,13.053929266215661
29,Summary exposure value,44637,Low SDI,3,Both,22,All ages,98,Tobacco,3,Rate,2009,15.717488699747953,18.140989922202667,13.93598238198085
29,Summary exposure value,44637,Low SDI,1,Male,26,70+ years,98,Tobacco,3,Rate,2009,14.104698430859536,16.033268454540938,12.22902050119672
29,Summary exposure value,44637,Low SDI,2,Female,26,70+ years,98,Tobacco,3,Rate,2009,4.358699012871097,5.179910398241469,3.656765385554992
29,Summary exposure value,44637,Low SDI,3,Both,26,70+ years,98,Tobacco,3,Rate,2009,9.02563488892226,10.264804506681397,7.836835426159386
29,Summary exposure value,44637,Low SDI,1,Male,27,Age-standardized,98,Tobacco,3,Rate,2009,15.240641373346184,17.12075193231585,13.687647507607467
29,Summary exposure value,44637,Low SDI,2,Female,27,Age-standardized,98,Tobacco,3,Rate,2009,11.833124854934656,13.704875933764459,10.406682973227928
29,Summary exposure value,44637,Low SDI,3,Both,27,Age-standardized,98,Tobacco,3,Rate,2009,13.540792421029568,15.395091266124588,12.103320121711047
29,Summary exposure value,44637,Low SDI,1,Male,37,20+ years,98,Tobacco,3,Rate,2009,13.079988269821452,14.711496548689132,11.645901751353165
29,Summary exposure value,44637,Low SDI,2,Female,37,20+ years,98,Tobacco,3,Rate,2009,9.525693381295277,11.005343943690193,8.310996714332784
29,Summary exposure value,44637,Low SDI,3,Both,37,20+ years,98,Tobacco,3,Rate,2009,11.289171134586752,12.75950950194754,10.018488211846847
29,Summary exposure value,44637,Low SDI,1,Male,158,<20 years,98,Tobacco,3,Rate,2009,19.30790087714377,22.52706352149303,16.94237277740833
29,Summary exposure value,44637,Low SDI,2,Female,158,<20 years,98,Tobacco,3,Rate,2009,19.326462632642865,22.464385190465798,16.951757313236854
29,Summary exposure value,44637,Low SDI,3,Both,158,<20 years,98,Tobacco,3,Rate,2009,19.31699838523284,22.416332967985348,16.966283924929098
29,Summary exposure value,44637,Low SDI,1,Male,22,All ages,110,Dietary risks,3,Rate,2009,36.045927062432746,58.76584507305316,23.356231326254477
29,Summary exposure value,44637,Low SDI,2,Female,22,All ages,110,Dietary risks,3,Rate,2009,35.12874861434808,60.12864517202762,22.20582882817634
29,Summary exposure value,44637,Low SDI,3,Both,22,All ages,110,Dietary risks,3,Rate,2009,35.584566550578245,59.56183565478764,22.821580299346365
29,Summary exposure value,44637,Low SDI,1,Male,26,70+ years,110,Dietary risks,3,Rate,2009,34.90662861447212,53.233191487777496,21.23135446986989
29,Summary exposure value,44637,Low SDI,2,Female,26,70+ years,110,Dietary risks,3,Rate,2009,33.99083208340102,52.87012468154904,21.230807615672482
29,Summary exposure value,44637,Low SDI,3,Both,26,70+ years,110,Dietary risks,3,Rate,2009,34.42936727129877,53.24520912902844,21.26981734762432
29,Summary exposure value,44637,Low SDI,1,Male,27,Age-standardized,110,Dietary risks,3,Rate,2009,35.83221910602302,57.709675478195955,22.990766658580736
29,Summary exposure value,44637,Low SDI,2,Female,27,Age-standardized,110,Dietary risks,3,Rate,2009,35.1240386994871,59.036512378355646,21.934715887004
29,Summary exposure value,44637,Low SDI,3,Both,27,Age-standardized,110,Dietary risks,3,Rate,2009,35.47155133528332,58.18604281492914,22.390013964336013
29,Summary exposure value,44637,Low SDI,1,Male,37,20+ years,110,Dietary risks,3,Rate,2009,36.045927062432746,58.76584507305316,23.356231326254477
29,Summary exposure value,44637,Low SDI,2,Female,37,20+ years,110,Dietary risks,3,Rate,2009,35.12874861434808,60.12864517202762,22.20582882817634
29,Summary exposure value,44637,Low SDI,3,Both,37,20+ years,110,Dietary risks,3,Rate,2009,35.584566550578245,59.56183565478764,22.821580299346365
29,Summary exposure value,102,United States of America,1,Male,22,All ages,169,All risk factors,3,Rate,2009,24.04351064750147,28.61014238833625,19.129657121712487
29,Summary exposure value,102,United States of America,2,Female,22,All ages,169,All risk factors,3,Rate,2009,22.68321196586744,25.704208475045682,19.489962534166708
29,Summary exposure value,102,United States of America,3,Both,22,All ages,169,All risk factors,3,Rate,2009,23.35285109864459,26.988775429394085,19.48797578765151
29,Summary exposure value,102,United States of America,1,Male,26,70+ years,169,All risk factors,3,Rate,2009,24.625685257493483,28.676520597199612,20.82817487628916
29,Summary exposure value,102,United States of America,2,Female,26,70+ years,169,All risk factors,3,Rate,2009,29.55520076127764,33.2049070326444,25.859840806276953
29,Summary exposure value,102,United States of America,3,Both,26,70+ years,169,All risk factors,3,Rate,2009,27.523062304476102,31.062681442027152,23.932858185325255
29,Summary exposure value,102,United States of America,1,Male,27,Age-standardized,169,All risk factors,3,Rate,2009,22.73159277619301,27.05445221691154,18.126238236241996
29,Summary exposure value,102,United States of America,2,Female,27,Age-standardized,169,All risk factors,3,Rate,2009,20.97189454422392,23.72607885872559,18.1773136837248
29,Summary exposure value,102,United States of America,3,Both,27,Age-standardized,169,All risk factors,3,Rate,2009,21.87707985541625,25.407069823446136,18.270978372831
29,Summary exposure value,102,United States of America,1,Male,37,20+ years,169,All risk factors,3,Rate,2009,28.288072675127747,33.66210242775501,22.18735636967544
29,Summary exposure value,102,United States of America,2,Female,37,20+ years,169,All risk factors,3,Rate,2009,26.132150869588266,29.740863767642683,22.25242707039907
29,Summary exposure value,102,United States of America,3,Both,37,20+ years,169,All risk factors,3,Rate,2009,27.177469456393087,31.50351890431476,22.53585195439211
29,Summary exposure value,102,United States of America,1,Male,158,<20 years,169,All risk factors,3,Rate,2009,13.418833883558076,17.123748531915233,10.647177276171217
29,Summary exposure value,102,United States of America,2,Female,158,<20 years,169,All risk factors,3,Rate,2009,13.064948675725475,15.000604184016442,11.240225162852987
29,Summary exposure value,102,United States of America,3,Both,158,<20 years,169,All risk factors,3,Rate,2009,13.246090652277633,15.886855748250195,11.198029576624947
29,Summary exposure value,102,United States of America,1,Male,22,All ages,203,Behavioral risks,3,Rate,2009,19.82714683317192,23.86950394717655,16.046543784488833
29,Summary exposure value,102,United States of America,2,Female,22,All ages,203,Behavioral risks,3,Rate,2009,16.90561285036127,20.24752033672886,14.019662062657515
29,Summary exposure value,102,United States of America,3,Both,22,All ages,203,Behavioral risks,3,Rate,2009,18.343806909535278,21.918815219829995,15.169472548371498
29,Summary exposure value,102,United States of America,1,Male,26,70+ years,203,Behavioral risks,3,Rate,2009,18.79117420816851,23.18994081759954,15.030418544272415
29,Summary exposure value,102,United States of America,2,Female,26,70+ years,203,Behavioral risks,3,Rate,2009,15.641086525983786,19.67092430516819,12.406885448829952
29,Summary exposure value,102,United States of America,3,Both,26,70+ years,203,Behavioral risks,3,Rate,2009,16.939675467706422,21.08603921813817,13.689104735364923
29,Summary exposure value,102,United States of America,1,Male,27,Age-standardized,203,Behavioral risks,3,Rate,2009,19.03763238384868,22.967888073188842,15.444067399749695
29,Summary exposure value,102,United States of America,2,Female,27,Age-standardized,203,Behavioral risks,3,Rate,2009,16.36294027448114,19.326116252854344,13.724565372819875
29,Summary exposure value,102,United States of America,3,Both,27,Age-standardized,203,Behavioral risks,3,Rate,2009,17.676887728828408,20.983824706074643,14.653214673460365
29,Summary exposure value,102,United States of America,1,Male,37,20+ years,203,Behavioral risks,3,Rate,2009,22.377078378568964,27.53617350138856,17.680039984121873
29,Summary exposure value,102,United States of America,2,Female,37,20+ years,203,Behavioral risks,3,Rate,2009,18.443456295077677,22.65252103905765,14.868538504399384
29,Summary exposure value,102,United States of America,3,Both,37,20+ years,203,Behavioral risks,3,Rate,2009,20.350709270011272,24.87403691543094,16.42542247512921
29,Summary exposure value,102,United States of America,1,Male,158,<20 years,203,Behavioral risks,3,Rate,2009,13.44434496487708,17.949502938190932,10.28063922292667
29,Summary exposure value,102,United States of America,2,Female,158,<20 years,203,Behavioral risks,3,Rate,2009,12.616936372403407,15.238946286911887,10.589098928540567
29,Summary exposure value,102,United States of America,3,Both,158,<20 years,203,Behavioral risks,3,Rate,2009,13.040459098246803,16.60385876417716,10.55020228238068
29,Summary exposure value,102,United States of America,1,Male,22,All ages,98,Tobacco,3,Rate,2019,24.52241975842233,26.274044120608693,22.974697095824943
29,Summary exposure value,102,United States of America,2,Female,22,All ages,98,Tobacco,3,Rate,2019,20.533565408404808,21.908481553521842,19.241942957892217
29,Summary exposure value,102,United States of America,3,Both,22,All ages,98,Tobacco,3,Rate,2019,22.4951518298718,23.71828584267936,21.276724155726466
29,Summary exposure value,102,United States of America,1,Male,26,70+ years,98,Tobacco,3,Rate,2019,19.591151860542855,22.16862848828012,16.834638899476406
29,Summary exposure value,102,United States of America,2,Female,26,70+ years,98,Tobacco,3,Rate,2019,14.001452532648905,15.78128169699052,12.131848864176101
29,Summary exposure value,102,United States of America,3,Both,26,70+ years,98,Tobacco,3,Rate,2019,16.422623911257975,18.467201223938826,14.23525158195152
29,Summary exposure value,102,United States of America,1,Male,27,Age-standardized,98,Tobacco,3,Rate,2019,25.89423751705251,27.862719181537805,24.13327935892476
29,Summary exposure value,102,United States of America,2,Female,27,Age-standardized,98,Tobacco,3,Rate,2019,23.01116028326735,24.540756280028,21.514490206131377
29,Summary exposure value,102,United States of America,3,Both,27,Age-standardized,98,Tobacco,3,Rate,2019,24.42191851568663,25.766826592064458,23.157631134498548
29,Summary exposure value,102,United States of America,1,Male,37,20+ years,98,Tobacco,3,Rate,2019,21.06540601762497,22.91970666843593,19.406554714187585
29,Summary exposure value,102,United States of America,2,Female,37,20+ years,98,Tobacco,3,Rate,2019,16.159756527010423,17.484905137129488,14.868392028417848
29,Summary exposure value,102,United States of America,3,Both,37,20+ years,98,Tobacco,3,Rate,2019,18.54063889077584,19.926839144311533,17.280807319470075
29,Summary exposure value,102,United States of America,1,Male,158,<20 years,98,Tobacco,3,Rate,2019,34.40257889452964,38.68899884039263,30.438946613867184
29,Summary exposure value,102,United States of America,2,Female,158,<20 years,98,Tobacco,3,Rate,2019,34.392768892187135,37.40717009970418,31.28277585599018
29,Summary exposure value,102,United States of America,3,Both,158,<20 years,98,Tobacco,3,Rate,2019,34.39778304629459,37.16097846180887,31.915410618424144
29,Summary exposure value,102,United States of America,1,Male,22,All ages,110,Dietary risks,3,Rate,2019,43.52297256263869,57.88238004900605,27.40197034593317
29,Summary exposure value,102,United States of America,2,Female,22,All ages,110,Dietary risks,3,Rate,2019,32.94256985715665,47.71854852821893,22.925022094814864
29,Summary exposure value,102,United States of America,3,Both,22,All ages,110,Dietary risks,3,Rate,2019,38.05243156794876,52.34859158242462,25.393381080157777
29,Summary exposure value,102,United States of America,1,Male,26,70+ years,110,Dietary risks,3,Rate,2019,33.866816735261615,48.97158705678948,21.32837956941594
29,Summary exposure value,102,United States of America,2,Female,26,70+ years,110,Dietary risks,3,Rate,2019,27.00352881116197,41.792191209520766,18.58490466114449
29,Summary exposure value,102,United States of America,3,Both,26,70+ years,110,Dietary risks,3,Rate,2019,29.97635352143923,44.34109946030032,20.378115377162004
29,Summary exposure value,102,United States of America,1,Male,27,Age-standardized,110,Dietary risks,3,Rate,2019,44.75889670648222,59.2131386793459,28.284676930290605
29,Summary exposure value,102,United States of America,2,Female,27,Age-standardized,110,Dietary risks,3,Rate,2019,34.347625118075165,49.20770916902211,23.82566768634817
29,Summary exposure value,102,United States of America,3,Both,27,Age-standardized,110,Dietary risks,3,Rate,2019,39.46061083947199,53.84255897795983,26.218176034507618
29,Summary exposure value,102,United States of America,1,Male,37,20+ years,110,Dietary risks,3,Rate,2019,43.52297256263869,57.88238004900605,27.40197034593317
29,Summary exposure value,102,United States of America,2,Female,37,20+ years,110,Dietary risks,3,Rate,2019,32.94256985715665,47.71854852821893,22.925022094814864
29,Summary exposure value,102,United States of America,3,Both,37,20+ years,110,Dietary risks,3,Rate,2019,38.05243156794876,52.34859158242462,25.393381080157777
29,Summary exposure value,103,Latin America and Caribbean,1,Male,22,All ages,98,Tobacco,3,Rate,2009,18.997401362166492,21.337662010386587,17.151451842087905
29,Summary exposure value,103,Latin America and Caribbean,2,Female,22,All ages,98,Tobacco,3,Rate,2009,15.719633657716356,17.88031912531672,14.152653947329782
29,Summary exposure value,103,Latin America and Caribbean,3,Both,22,All ages,98,Tobacco,3,Rate,2009,17.33259688055026,19.583627529121248,15.681856349878814
29,Summary exposure value,103,Latin America and Caribbean,1,Male,26,70+ years,98,Tobacco,3,Rate,2009,19.105384551938588,21.416001525808266,16.80189604537529
29,Summary exposure value,103,Latin America and Caribbean,2,Female,26,70+ years,98,Tobacco,3,Rate,2009,8.241015295994911,9.486159806404826,7.132169998421355
29,Summary exposure value,103,Latin America and Caribbean,3,Both,26,70+ years,98,Tobacco,3,Rate,2009,13.074399291375267,14.66851870573464,11.574017100665808
29,Summary exposure value,103,Latin America and Caribbean,1,Male,27,Age-standardized,98,Tobacco,3,Rate,2009,18.958981222181002,21.101826058822148,17.205975318002306
29,Summary exposure value,103,Latin America and Caribbean,2,Female,27,Age-standardized,98,Tobacco,3,Rate,2009,15.619635774366156,17.66457758360433,14.113247254150465
29,Summary exposure value,103,Latin America and Caribbean,3,Both,27,Age-standardized,98,Tobacco,3,Rate,2009,17.195588694523583,19.330072980979896,15.65920402334762
29,Summary exposure value,103,Latin America and Caribbean,1,Male,37,20+ years,98,Tobacco,3,Rate,2009,15.783746238219626,17.611071081580395,14.128502868870878
29,Summary exposure value,103,Latin America and Caribbean,2,Female,37,20+ years,98,Tobacco,3,Rate,2009,10.718444592581736,12.052092789641263,9.583761468473453
29,Summary exposure value,103,Latin America and Caribbean,3,Both,37,20+ years,98,Tobacco,3,Rate,2009,13.161348798005712,14.621009887505773,11.883160509185553
29,Summary exposure value,103,Latin America and Caribbean,1,Male,158,<20 years,98,Tobacco,3,Rate,2009,23.953333568695946,27.86221720608789,20.968686622443414
29,Summary exposure value,103,Latin America and Caribbean,2,Female,158,<20 years,98,Tobacco,3,Rate,2009,24.269091237594914,28.2172849453787,21.237552983327944
29,Summary exposure value,103,Latin America and Caribbean,3,Both,158,<20 years,98,Tobacco,3,Rate,2009,24.108677525649025,27.82106947565271,21.13599085766253
29,Summary exposure value,103,Latin America and Caribbean,1,Male,22,All ages,110,Dietary risks,3,Rate,2009,42.9047823961945,57.57393683442442,26.75051223138036
29,Summary exposure value,103,Latin America and Caribbean,2,Female,22,All ages,110,Dietary risks,3,Rate,2009,34.144203135764215,48.44115511149915,22.109847432234275
29,Summary exposure value,103,Latin America and Caribbean,3,Both,22,All ages,110,Dietary risks,3,Rate,2009,38.34831798735491,52.53639669247253,24.524316472825795
29,Summary exposure value,103,Latin America and Caribbean,1,Male,26,70+ years,110,Dietary risks,3,Rate,2009,39.8615523746478,55.624645653019414,23.77152318140056
29,Summary exposure value,103,Latin America and Caribbean,2,Female,26,70+ years,110,Dietary risks,3,Rate,2009,30.801387572017642,46.45861598220266,18.793564338568547
29,Summary exposure value,103,Latin America and Caribbean,3,Both,26,70+ years,110,Dietary risks,3,Rate,2009,34.83210988280284,50.002640096884384,21.07518411743442
29,Summary exposure value,103,Latin America and Caribbean,1,Male,27,Age-standardized,110,Dietary risks,3,Rate,2009,42.61680115947173,57.28687874624134,26.56308329850838
29,Summary exposure value,103,Latin America and Caribbean,2,Female,27,Age-standardized,110,Dietary risks,3,Rate,2009,33.79375439051834,48.17162841157997,21.832299120276673
29,Summary exposure value,103,Latin America and Caribbean,3,Both,27,Age-standardized,110,Dietary risks,3,Rate,2009,38.00659486672024,52.24438702936454,24.17126861334263
29,Summary exposure value,103,Latin America and Caribbean,1,Male,37,20+ years,110,Dietary risks,3,Rate,2009,42.9047823961945,57.57393683442442,26.75051223138036
29,Summary exposure value,103,Latin America and Caribbean,2,Female,37,20+ years,110,Dietary risks,3,Rate,2009,34.144203135764215,48.44115511149915,22.109847432234275
29,Summary exposure value,103,Latin America and Caribbean,3,Both,37,20+ years,110,Dietary risks,3,Rate,2009,38.34831798735491,52.53639669247253,24.524316472825795
29,Summary exposure value,103,Latin America and Caribbean,1,Male,22,All ages,169,All risk factors,3,Rate,2009,20.86834601795592,25.24444381060549,16.415357998113674
29,Summary exposure value,103,Latin America and Caribbean,2,Female,22,All ages,169,All risk factors,3,Rate,2009,18.577448389654517,21.42194181239332,15.938161594748996
29,Summary exposure value,103,Latin America and Caribbean,3,Both,22,All ages,169,All risk factors,3,Rate,2009,19.70478075573732,23.190281175253745,16.305997952349745
29,Summary exposure value,103,Latin America and Caribbean,1,Male,26,70+ years,169,All risk factors,3,Rate,2009,22.55322075544932,26.31075032613086,19.06508969571704
29,Summary exposure value,103,Latin America and Caribbean,2,Female,26,70+ years,169,All risk factors,3,Rate,2009,23.87309508681764,27.197925856351034,20.51434532467235
29,Summary exposure value,103,Latin America and Caribbean,3,Both,26,70+ years,169,All risk factors,3,Rate,2009,23.285904121667134,26.613809740761855,19.974700276527066
29,Summary exposure value,103,Latin America and Caribbean,1,Male,27,Age-standardized,169,All risk factors,3,Rate,2009,21.055536958563987,25.361471232295347,16.69305497790033
29,Summary exposure value,103,Latin America and Caribbean,2,Female,27,Age-standardized,169,All risk factors,3,Rate,2009,18.735832006448476,21.4516760840624,16.12768114843231
29,Summary exposure value,103,Latin America and Caribbean,3,Both,27,Age-standardized,169,All risk factors,3,Rate,2009,19.85687193363289,23.318531532115934,16.489804821192635
29,Summary exposure value,103,Latin America and Caribbean,1,Male,37,20+ years,169,All risk factors,3,Rate,2009,25.174025564633055,30.571322102144734,19.349247845246264
29,Summary exposure value,103,Latin America and Caribbean,2,Female,37,20+ years,169,All risk factors,3,Rate,2009,20.76459013844965,24.610311960649188,17.08406887936791
29,Summary exposure value,103,Latin America and Caribbean,3,Both,37,20+ years,169,All risk factors,3,Rate,2009,22.89118182039723,27.470475591555825,18.25188038203969
29,Summary exposure value,103,Latin America and Caribbean,1,Male,158,<20 years,169,All risk factors,3,Rate,2009,14.228350401324514,17.521206824869815,11.558429583845314
29,Summary exposure value,103,Latin America and Caribbean,2,Female,158,<20 years,169,All risk factors,3,Rate,2009,14.838562424942015,16.503874935564617,13.518360362345867
29,Summary exposure value,103,Latin America and Caribbean,3,Both,158,<20 years,169,All risk factors,3,Rate,2009,14.528557679455325,16.830057857910774,12.629365081571144
29,Summary exposure value,103,Latin America and Caribbean,1,Male,22,All ages,203,Behavioral risks,3,Rate,2009,14.720547201122233,18.105475048894863,11.718568083616583
29,Summary exposure value,103,Latin America and Caribbean,2,Female,22,All ages,203,Behavioral risks,3,Rate,2009,11.487111881888667,13.41147155343215,9.934003538956413
29,Summary exposure value,103,Latin America and Caribbean,3,Both,22,All ages,203,Behavioral risks,3,Rate,2009,13.078259493189831,15.55434263589156,10.86935557718754
29,Summary exposure value,103,Latin America and Caribbean,1,Male,26,70+ years,203,Behavioral risks,3,Rate,2009,17.378604036082415,21.643190487137907,13.276778955419003
29,Summary exposure value,103,Latin America and Caribbean,2,Female,26,70+ years,203,Behavioral risks,3,Rate,2009,8.809315810820353,12.509701465117459,6.246580769550116
29,Summary exposure value,103,Latin America and Caribbean,3,Both,26,70+ years,203,Behavioral risks,3,Rate,2009,12.621654988920694,16.41356536342771,9.454865755377778
29,Summary exposure value,103,Latin America and Caribbean,1,Male,27,Age-standardized,203,Behavioral risks,3,Rate,2009,14.964604985534645,18.397398116900852,11.923252725181944
29,Summary exposure value,103,Latin America and Caribbean,2,Female,27,Age-standardized,203,Behavioral risks,3,Rate,2009,11.413105130604547,13.352765825540144,9.849364497827608
29,Summary exposure value,103,Latin America and Caribbean,3,Both,27,Age-standardized,203,Behavioral risks,3,Rate,2009,13.08484977323724,15.575441992983311,10.870244669179199
29,Summary exposure value,103,Latin America and Caribbean,1,Male,37,20+ years,203,Behavioral risks,3,Rate,2009,18.292709652427426,23.159065844198025,13.80945862377508
29,Summary exposure value,103,Latin America and Caribbean,2,Female,37,20+ years,203,Behavioral risks,3,Rate,2009,11.328398415695,14.18123079674152,9.067035769741167
29,Summary exposure value,103,Latin America and Caribbean,3,Both,37,20+ years,203,Behavioral risks,3,Rate,2009,14.68716091362963,18.41470414119581,11.420379739274734
29,Summary exposure value,103,Latin America and Caribbean,1,Male,158,<20 years,203,Behavioral risks,3,Rate,2009,9.211743593834077,11.35026494133262,7.629699702290341
29,Summary exposure value,103,Latin America and Caribbean,2,Female,158,<20 years,203,Behavioral risks,3,Rate,2009,11.758430168181395,12.739404135256985,10.861232740530488
29,Summary exposure value,103,Latin America and Caribbean,3,Both,158,<20 years,203,Behavioral risks,3,Rate,2009,10.464642283382556,11.699821992189904,9.444627195974896
29,Summary exposure value,44635,High SDI,1,Male,22,All ages,98,Tobacco,3,Rate,2019,26.60228604474662,28.04917925963604,25.28539053121182
29,Summary exposure value,44635,High SDI,2,Female,22,All ages,98,Tobacco,3,Rate,2019,20.40605214473412,21.345288190338927,19.56432129633877
29,Summary exposure value,44635,High SDI,3,Both,22,All ages,98,Tobacco,3,Rate,2019,23.49816216334739,24.608026461392328,22.494792837900146
29,Summary exposure value,44635,High SDI,1,Male,26,70+ years,98,Tobacco,3,Rate,2019,20.80756816699103,23.045355185795664,18.181421558867818
29,Summary exposure value,44635,High SDI,2,Female,26,70+ years,98,Tobacco,3,Rate,2019,10.307293716448433,11.442315478018426,9.077024436118723
29,Summary exposure value,44635,High SDI,3,Both,26,70+ years,98,Tobacco,3,Rate,2019,14.824555686036614,16.348095381667832,12.996807725930806
29,Summary exposure value,44635,High SDI,1,Male,27,Age-standardized,98,Tobacco,3,Rate,2019,29.20745636014081,30.52603799134636,28.047715885990183
29,Summary exposure value,44635,High SDI,2,Female,27,Age-standardized,98,Tobacco,3,Rate,2019,25.45778087462804,26.39584594639985,24.623456180939375
29,Summary exposure value,44635,High SDI,3,Both,27,Age-standardized,98,Tobacco,3,Rate,2019,27.30498828973068,28.291471569558592,26.381272418310246
29,Summary exposure value,44635,High SDI,1,Male,37,20+ years,98,Tobacco,3,Rate,2019,22.60518539013604,24.432861659096762,20.93780528170971
29,Summary exposure value,44635,High SDI,2,Female,37,20+ years,98,Tobacco,3,Rate,2019,14.937524627475154,16.02514084439397,13.91668216984783
29,Summary exposure value,44635,High SDI,3,Both,37,20+ years,98,Tobacco,3,Rate,2019,18.731627422636468,20.079269551922103,17.5236772148454
29,Summary exposure value,44635,High SDI,1,Male,158,<20 years,98,Tobacco,3,Rate,2019,40.408727261431736,42.25769041634621,38.66507112570843
29,Summary exposure value,44635,High SDI,2,Female,158,<20 years,98,Tobacco,3,Rate,2019,40.81355129408533,42.18067388864671,39.334346867480605
29,Summary exposure value,44635,High SDI,3,Both,158,<20 years,98,Tobacco,3,Rate,2019,40.605412386266885,41.865820737198426,39.336987354329914
29,Summary exposure value,44637,Low SDI,1,Male,22,All ages,169,All risk factors,3,Rate,2019,21.48223312888328,24.687821774523595,18.0808978665318
29,Summary exposure value,44637,Low SDI,2,Female,22,All ages,169,All risk factors,3,Rate,2019,22.04367655134475,24.53256753674434,19.429112866866134
29,Summary exposure value,44637,Low SDI,3,Both,22,All ages,169,All risk factors,3,Rate,2019,21.762046776359238,24.56383372111893,18.775096642013814
29,Summary exposure value,44637,Low SDI,1,Male,26,70+ years,169,All risk factors,3,Rate,2019,19.002264750282617,22.475437367286787,15.808119504000812
29,Summary exposure value,44637,Low SDI,2,Female,26,70+ years,169,All risk factors,3,Rate,2019,20.757263024625615,23.758797613587944,17.718668681365568
29,Summary exposure value,44637,Low SDI,3,Both,26,70+ years,169,All risk factors,3,Rate,2019,19.92001252865439,23.059821973282133,16.949507614888475
29,Summary exposure value,44637,Low SDI,1,Male,27,Age-standardized,169,All risk factors,3,Rate,2019,22.392101625122,25.855063244430625,18.539075314722055
29,Summary exposure value,44637,Low SDI,2,Female,27,Age-standardized,169,All risk factors,3,Rate,2019,21.82738150123513,24.508728841782247,19.131117475575145
29,Summary exposure value,44637,Low SDI,3,Both,27,Age-standardized,169,All risk factors,3,Rate,2019,22.094589393516756,25.095976374334338,18.869263260369532
29,Summary exposure value,44637,Low SDI,1,Male,37,20+ years,169,All risk factors,3,Rate,2019,24.994719488878815,29.098245417053025,19.908986254451346
29,Summary exposure value,44637,Low SDI,2,Female,37,20+ years,169,All risk factors,3,Rate,2019,22.06580834639928,25.30764478251184,18.585995046044207
29,Summary exposure value,44637,Low SDI,3,Both,37,20+ years,169,All risk factors,3,Rate,2019,23.513664747880057,26.96310341572396,19.26091505757309
29,Summary exposure value,44637,Low SDI,1,Male,158,<20 years,169,All risk factors,3,Rate,2019,18.43847435431365,21.436186228814087,15.829435148800128
29,Summary exposure value,44637,Low SDI,2,Female,158,<20 years,169,All risk factors,3,Rate,2019,22.023411840733438,24.823940073373304,19.30047138168972
29,Summary exposure value,44637,Low SDI,3,Both,158,<20 years,169,All risk factors,3,Rate,2019,20.20188408120846,22.87520434452289,17.755226065578693
29,Summary exposure value,44637,Low SDI,1,Male,22,All ages,203,Behavioral risks,3,Rate,2019,8.035826781298784,10.422980462628956,6.407001116093279
29,Summary exposure value,44637,Low SDI,2,Female,22,All ages,203,Behavioral risks,3,Rate,2019,10.690914355976082,13.260526281460624,8.80836050625803
29,Summary exposure value,44637,Low SDI,3,Both,22,All ages,203,Behavioral risks,3,Rate,2019,9.359076300157533,11.760973324530436,7.688253244123885
29,Summary exposure value,44637,Low SDI,1,Male,26,70+ years,203,Behavioral risks,3,Rate,2019,11.844346056233835,16.321922636062418,8.460587398826624
29,Summary exposure value,44637,Low SDI,2,Female,26,70+ years,203,Behavioral risks,3,Rate,2019,8.028218467562949,12.509202273362426,4.642214568097072
29,Summary exposure value,44637,Low SDI,3,Both,26,70+ years,203,Behavioral risks,3,Rate,2019,9.848764255563957,14.228221466170346,6.587257879703763
29,Summary exposure value,44637,Low SDI,1,Male,27,Age-standardized,203,Behavioral risks,3,Rate,2019,9.091383715852842,12.330504528964994,6.946076080417034
29,Summary exposure value,44637,Low SDI,2,Female,27,Age-standardized,203,Behavioral risks,3,Rate,2019,10.620057997787853,13.912636692298754,8.280569501730687
29,Summary exposure value,44637,Low SDI,3,Both,27,Age-standardized,203,Behavioral risks,3,Rate,2019,9.846238778247553,13.06508829201004,7.698603320912266
29,Summary exposure value,44637,Low SDI,1,Male,37,20+ years,203,Behavioral risks,3,Rate,2019,10.708490100476977,15.653959193415531,7.502959603725458
29,Summary exposure value,44637,Low SDI,2,Female,37,20+ years,203,Behavioral risks,3,Rate,2019,11.852075714011532,16.92033944427978,8.595568678138868
29,Summary exposure value,44637,Low SDI,3,Both,37,20+ years,203,Behavioral risks,3,Rate,2019,11.286764009199747,16.32366124283887,8.151160755064971
29,Summary exposure value,44637,Low SDI,1,Male,158,<20 years,203,Behavioral risks,3,Rate,2019,5.719819942989147,6.4990555405576185,5.156679017771854
29,Summary exposure value,44637,Low SDI,2,Female,158,<20 years,203,Behavioral risks,3,Rate,2019,9.627710994673597,10.334569748093276,8.768673816181119
29,Summary exposure value,44637,Low SDI,3,Both,158,<20 years,203,Behavioral risks,3,Rate,2019,7.642088634783735,8.254252319552233,7.049900070153425
29,Summary exposure value,44637,Low SDI,1,Male,22,All ages,110,Dietary risks,3,Rate,2019,35.562021613976945,58.12590956001715,23.38382418250157
29,Summary exposure value,44637,Low SDI,2,Female,22,All ages,110,Dietary risks,3,Rate,2019,34.88298805261509,59.828378492277935,21.828163585635927
29,Summary exposure value,44637,Low SDI,3,Both,22,All ages,110,Dietary risks,3,Rate,2019,35.21838889888079,58.97440048391183,22.65168117531775
29,Summary exposure value,44637,Low SDI,1,Male,26,70+ years,110,Dietary risks,3,Rate,2019,33.81541197369956,52.11551084098357,20.589453774057546
29,Summary exposure value,44637,Low SDI,2,Female,26,70+ years,110,Dietary risks,3,Rate,2019,33.27403967452427,51.8718656379071,20.816970395606603
29,Summary exposure value,44637,Low SDI,3,Both,26,70+ years,110,Dietary risks,3,Rate,2019,33.53231014271563,52.005590293195134,20.854979631015617
29,Summary exposure value,44637,Low SDI,1,Male,27,Age-standardized,110,Dietary risks,3,Rate,2019,35.25677813412907,56.95403505924993,22.87146460763699
29,Summary exposure value,44637,Low SDI,2,Female,27,Age-standardized,110,Dietary risks,3,Rate,2019,34.803635614291444,58.64950328364865,21.633159991914052
29,Summary exposure value,44637,Low SDI,3,Both,27,Age-standardized,110,Dietary risks,3,Rate,2019,35.02093837445422,57.69285469157603,22.19862745804648
29,Summary exposure value,44637,Low SDI,1,Male,37,20+ years,110,Dietary risks,3,Rate,2019,35.562021613976945,58.12590956001715,23.38382418250157
29,Summary exposure value,44637,Low SDI,2,Female,37,20+ years,110,Dietary risks,3,Rate,2019,34.88298805261509,59.828378492277935,21.828163585635927
29,Summary exposure value,44637,Low SDI,3,Both,37,20+ years,110,Dietary risks,3,Rate,2019,35.21838889888079,58.97440048391183,22.65168117531775
29,Summary exposure value,44635,High SDI,1,Male,22,All ages,169,All risk factors,3,Rate,2019,25.262571256719895,29.67643911835157,20.46220859837529
29,Summary exposure value,44635,High SDI,2,Female,22,All ages,169,All risk factors,3,Rate,2019,21.65320303075851,24.618652172998896,18.693139228936708
29,Summary exposure value,44635,High SDI,3,Both,22,All ages,169,All risk factors,3,Rate,2019,23.45438804611713,27.108827396408984,19.63332730437491
29,Summary exposure value,44635,High SDI,1,Male,26,70+ years,169,All risk factors,3,Rate,2019,24.278806912754767,28.15761836340925,20.734179560453736
29,Summary exposure value,44635,High SDI,2,Female,26,70+ years,169,All risk factors,3,Rate,2019,26.02754297568976,29.2141906425316,22.72674741168204
29,Summary exposure value,44635,High SDI,3,Both,26,70+ years,169,All risk factors,3,Rate,2019,25.27522941006335,28.67913054488085,21.98798003452971
29,Summary exposure value,44635,High SDI,1,Male,27,Age-standardized,169,All risk factors,3,Rate,2019,23.617810605990684,28.015728793258365,19.151145313855228
29,Summary exposure value,44635,High SDI,2,Female,27,Age-standardized,169,All risk factors,3,Rate,2019,19.694370385305707,22.363289555347585,17.042390927224055
29,Summary exposure value,44635,High SDI,3,Both,27,Age-standardized,169,All risk factors,3,Rate,2019,21.71706614816921,25.102177910947944,18.208040580443924
29,Summary exposure value,44635,High SDI,1,Male,37,20+ years,169,All risk factors,3,Rate,2019,27.910104436984433,32.60554909676758,22.576293148017278
29,Summary exposure value,44635,High SDI,2,Female,37,20+ years,169,All risk factors,3,Rate,2019,23.747293478247276,27.124730122189273,20.18874555840835
29,Summary exposure value,44635,High SDI,3,Both,37,20+ years,169,All risk factors,3,Rate,2019,25.807130654558634,29.755112006895963,21.46967717383937
29,Summary exposure value,44635,High SDI,1,Male,158,<20 years,169,All risk factors,3,Rate,2019,16.117689908690153,21.088867887063962,12.600779259936346
29,Summary exposure value,44635,High SDI,2,Female,158,<20 years,169,All risk factors,3,Rate,2019,13.838457856501469,15.723510401535155,12.09090809012182
29,Summary exposure value,44635,High SDI,3,Both,158,<20 years,169,All risk factors,3,Rate,2019,15.01031731083701,18.289524916048986,12.540570653519046
29,Summary exposure value,44635,High SDI,1,Male,22,All ages,203,Behavioral risks,3,Rate,2019,21.751275807208387,26.128691327049154,17.748567940670913
29,Summary exposure value,44635,High SDI,2,Female,22,All ages,203,Behavioral risks,3,Rate,2019,15.760599382360907,18.808412750181517,13.224422601880773
29,Summary exposure value,44635,High SDI,3,Both,22,All ages,203,Behavioral risks,3,Rate,2019,18.75012994083512,22.41759263882787,15.54759121453993
29,Summary exposure value,44635,High SDI,1,Male,26,70+ years,203,Behavioral risks,3,Rate,2019,21.010168169139003,25.81121158013117,16.94823476588941
29,Summary exposure value,44635,High SDI,2,Female,26,70+ years,203,Behavioral risks,3,Rate,2019,13.911760037734112,17.742359056847427,11.043331090331348
29,Summary exposure value,44635,High SDI,3,Both,26,70+ years,203,Behavioral risks,3,Rate,2019,16.965524893847363,21.0876880783331,13.638833955326612
29,Summary exposure value,44635,High SDI,1,Male,27,Age-standardized,203,Behavioral risks,3,Rate,2019,20.853494385661346,25.439234566331333,16.921719928475756
29,Summary exposure value,44635,High SDI,2,Female,27,Age-standardized,203,Behavioral risks,3,Rate,2019,15.65058115212466,18.241036201991452,13.401737769271035
29,Summary exposure value,44635,High SDI,3,Both,27,Age-standardized,203,Behavioral risks,3,Rate,2019,18.27335032732415,21.74677124021079,15.273075576569589
29,Summary exposure value,44635,High SDI,1,Male,37,20+ years,203,Behavioral risks,3,Rate,2019,23.0610821356596,28.32482692117992,18.472840210500294
29,Summary exposure value,44635,High SDI,2,Female,37,20+ years,203,Behavioral risks,3,Rate,2019,16.141161565713144,19.85296607639674,13.177627750854933
29,Summary exposure value,44635,High SDI,3,Both,37,20+ years,203,Behavioral risks,3,Rate,2019,19.565268446468906,23.96900781075797,15.883233436554924
29,Summary exposure value,44635,High SDI,1,Male,158,<20 years,203,Behavioral risks,3,Rate,2019,17.227055468112212,23.886690058888615,12.818585045456091
29,Summary exposure value,44635,High SDI,2,Female,158,<20 years,203,Behavioral risks,3,Rate,2019,14.34041407497697,16.682464854336427,12.663843681728451
29,Summary exposure value,44635,High SDI,3,Both,158,<20 years,203,Behavioral risks,3,Rate,2019,15.824570988518749,20.388726029845607,12.792301187663227
29,Summary exposure value,1,Global,1,Male,158,<20 years,98,Tobacco,3,Rate,2009,35.640623252008695,38.560129843316446,33.31702656961525
29,Summary exposure value,1,Global,2,Female,158,<20 years,98,Tobacco,3,Rate,2009,37.35468344380065,40.1707908884126,34.9743245066535
29,Summary exposure value,1,Global,3,Both,158,<20 years,98,Tobacco,3,Rate,2009,36.470280336131985,39.347740231899735,34.20699459358906
29,Summary exposure value,1,Global,1,Male,22,All ages,110,Dietary risks,3,Rate,2009,52.411339128543545,63.76995527553962,39.90093065738683
29,Summary exposure value,1,Global,2,Female,22,All ages,110,Dietary risks,3,Rate,2009,45.01856852312028,57.63218634445978,34.13225664933792
29,Summary exposure value,1,Global,3,Both,22,All ages,110,Dietary risks,3,Rate,2009,48.66933335634366,60.68349986963915,36.99921722540037
29,Summary exposure value,1,Global,1,Male,26,70+ years,110,Dietary risks,3,Rate,2009,45.42726035898938,57.148683769457776,33.709164470196114
29,Summary exposure value,1,Global,2,Female,26,70+ years,110,Dietary risks,3,Rate,2009,37.12593814639513,50.38061130437792,25.85882749276075
29,Summary exposure value,1,Global,3,Both,26,70+ years,110,Dietary risks,3,Rate,2009,40.69853801323309,53.1870796706054,29.42168678230081
29,Summary exposure value,1,Global,1,Male,27,Age-standardized,110,Dietary risks,3,Rate,2009,52.05831030325094,63.422112266574125,39.56880151020828
29,Summary exposure value,1,Global,2,Female,27,Age-standardized,110,Dietary risks,3,Rate,2009,44.90460978809854,57.531252753277215,34.01754601287561
29,Summary exposure value,1,Global,3,Both,27,Age-standardized,110,Dietary risks,3,Rate,2009,48.424537155057514,60.438496526320066,36.76120706483934
29,Summary exposure value,1,Global,1,Male,37,20+ years,110,Dietary risks,3,Rate,2009,52.411339128543545,63.76995527553962,39.90093065738683
29,Summary exposure value,1,Global,2,Female,37,20+ years,110,Dietary risks,3,Rate,2009,45.01856852312028,57.63218634445978,34.13225664933792
29,Summary exposure value,1,Global,3,Both,37,20+ years,110,Dietary risks,3,Rate,2009,48.66933335634366,60.68349986963915,36.99921722540037
29,Summary exposure value,1,Global,1,Male,22,All ages,169,All risk factors,3,Rate,2009,22.451772161438996,26.30905352827733,18.357564861610186
29,Summary exposure value,1,Global,2,Female,22,All ages,169,All risk factors,3,Rate,2009,19.970906134855277,22.520315239473046,17.36681171639341
29,Summary exposure value,1,Global,3,Both,22,All ages,169,All risk factors,3,Rate,2009,21.21817805731269,24.33192924842993,18.01474391933877
29,Summary exposure value,1,Global,1,Male,26,70+ years,169,All risk factors,3,Rate,2009,24.34368155029723,27.76476566753672,20.947052670999167
29,Summary exposure value,1,Global,2,Female,26,70+ years,169,All risk factors,3,Rate,2009,23.730788463010786,26.72004191484085,20.708864370390046
29,Summary exposure value,1,Global,3,Both,26,70+ years,169,All risk factors,3,Rate,2009,23.99455629492357,26.96540752192252,20.94145249238837
29,Summary exposure value,1,Global,1,Male,27,Age-standardized,169,All risk factors,3,Rate,2009,22.47677860229772,26.26351629901031,18.49725006053419
29,Summary exposure value,1,Global,2,Female,27,Age-standardized,169,All risk factors,3,Rate,2009,20.013082947301474,22.498411154857685,17.463267203042488
29,Summary exposure value,1,Global,3,Both,27,Age-standardized,169,All risk factors,3,Rate,2009,21.233757138396225,24.25801138101799,18.07724881156679
29,Summary exposure value,1,Global,1,Male,37,20+ years,169,All risk factors,3,Rate,2009,25.785935743651372,30.43483371088281,20.70083558762087
29,Summary exposure value,1,Global,2,Female,37,20+ years,169,All risk factors,3,Rate,2009,20.58949841378836,23.88093662677697,17.126835107240957
29,Summary exposure value,1,Global,3,Both,37,20+ years,169,All risk factors,3,Rate,2009,23.16318897497009,27.087967540842563,18.97122773721756
29,Summary exposure value,1,Global,1,Male,158,<20 years,169,All risk factors,3,Rate,2009,16.79592440777027,19.938172258160137,14.186656816676551
29,Summary exposure value,1,Global,2,Female,158,<20 years,169,All risk factors,3,Rate,2009,18.831005575350353,20.63854136415608,16.932145406992685
29,Summary exposure value,1,Global,3,Both,158,<20 years,169,All risk factors,3,Rate,2009,17.780965373970854,20.078416803791107,15.69565766345673
29,Summary exposure value,1,Global,1,Male,22,All ages,203,Behavioral risks,3,Rate,2009,17.33812630663713,20.17035678757132,14.899835369480515
29,Summary exposure value,1,Global,2,Female,22,All ages,203,Behavioral risks,3,Rate,2009,13.41442914173237,15.5775363362324,11.465483290604114
29,Summary exposure value,1,Global,3,Both,22,All ages,203,Behavioral risks,3,Rate,2009,15.38709403115837,17.71818751870096,13.305532751874374
29,Summary exposure value,1,Global,1,Male,26,70+ years,203,Behavioral risks,3,Rate,2009,23.031422382729936,26.861379756710946,19.444546982509706
29,Summary exposure value,1,Global,2,Female,26,70+ years,203,Behavioral risks,3,Rate,2009,11.729616830325169,15.343907917716718,8.754972599923061
29,Summary exposure value,1,Global,3,Both,26,70+ years,203,Behavioral risks,3,Rate,2009,16.59352019144186,20.042383207048925,13.519164509687299
29,Summary exposure value,1,Global,1,Male,27,Age-standardized,203,Behavioral risks,3,Rate,2009,17.582743398246194,20.370447102919886,15.142918698863724
29,Summary exposure value,1,Global,2,Female,27,Age-standardized,203,Behavioral risks,3,Rate,2009,13.395455410458949,15.52815293149456,11.49540043361194
29,Summary exposure value,1,Global,3,Both,27,Age-standardized,203,Behavioral risks,3,Rate,2009,15.433969406281985,17.75906700321955,13.343626155851002
29,Summary exposure value,1,Global,1,Male,37,20+ years,203,Behavioral risks,3,Rate,2009,21.275638739342934,25.332439462671115,17.787487846487817
29,Summary exposure value,1,Global,2,Female,37,20+ years,203,Behavioral risks,3,Rate,2009,14.232548936514123,17.40169744117634,11.528217214033361
29,Summary exposure value,1,Global,3,Both,37,20+ years,203,Behavioral risks,3,Rate,2009,17.72084920772583,21.172783644454125,14.74276816515464
29,Summary exposure value,1,Global,1,Male,158,<20 years,203,Behavioral risks,3,Rate,2009,10.658798703645136,12.920800245665607,9.15699066737394
29,Summary exposure value,1,Global,2,Female,158,<20 years,203,Behavioral risks,3,Rate,2009,11.906852594831054,12.695137758634706,10.99027939312371
29,Summary exposure value,1,Global,3,Both,158,<20 years,203,Behavioral risks,3,Rate,2009,11.262894614132108,12.7188366137212,10.236195439991592
29,Summary exposure value,44637,Low SDI,1,Male,22,All ages,169,All risk factors,3,Rate,2009,21.74638109461543,24.658000215515955,18.597071976456643
29,Summary exposure value,44637,Low SDI,2,Female,22,All ages,169,All risk factors,3,Rate,2009,23.269977659299553,25.7899108239511,20.78674675539552
29,Summary exposure value,44637,Low SDI,3,Both,22,All ages,169,All risk factors,3,Rate,2009,22.50250404642801,25.1399094398838,19.87343699905579
29,Summary exposure value,44637,Low SDI,1,Male,26,70+ years,169,All risk factors,3,Rate,2009,19.34117537620904,23.16993454782591,16.05202172407881
29,Summary exposure value,44637,Low SDI,2,Female,26,70+ years,169,All risk factors,3,Rate,2009,21.41220422829625,24.42997251765459,18.39760300943041
29,Summary exposure value,44637,Low SDI,3,Both,26,70+ years,169,All risk factors,3,Rate,2009,20.420478450814336,23.588642930262772,17.369461733867624
29,Summary exposure value,44637,Low SDI,1,Male,27,Age-standardized,169,All risk factors,3,Rate,2009,22.98431555175457,26.085002697064986,19.29816292910337
29,Summary exposure value,44637,Low SDI,2,Female,27,Age-standardized,169,All risk factors,3,Rate,2009,22.87165012212033,25.442569062548458,20.28165325755091
29,Summary exposure value,44637,Low SDI,3,Both,27,Age-standardized,169,All risk factors,3,Rate,2009,22.91717168122871,25.744684032365527,19.97754593023344
29,Summary exposure value,44637,Low SDI,1,Male,37,20+ years,169,All risk factors,3,Rate,2009,25.55650202699049,29.181675783912592,20.878058391472106
29,Summary exposure value,44637,Low SDI,2,Female,37,20+ years,169,All risk factors,3,Rate,2009,22.83903233807579,25.990683860910167,19.67724260409562
29,Summary exposure value,44637,Low SDI,3,Both,37,20+ years,169,All risk factors,3,Rate,2009,24.18731589133833,27.400520620114357,20.29225594261959
29,Summary exposure value,44637,Low SDI,1,Male,158,<20 years,169,All risk factors,3,Rate,2009,18.732730903046978,21.620067262799544,16.248182926745887
29,Summary exposure value,44637,Low SDI,2,Female,158,<20 years,169,All risk factors,3,Rate,2009,23.63007601672453,26.351262506703137,20.68137655246172
29,Summary exposure value,44637,Low SDI,3,Both,158,<20 years,169,All risk factors,3,Rate,2009,21.13302309463598,23.89545526946554,18.75934721092732
29,Summary exposure value,44637,Low SDI,1,Male,22,All ages,203,Behavioral risks,3,Rate,2009,7.923361488343154,10.239846641700552,6.3599360721516955
29,Summary exposure value,44637,Low SDI,2,Female,22,All ages,203,Behavioral risks,3,Rate,2009,11.045715087498467,13.475334420634203,9.232131493294911
29,Summary exposure value,44637,Low SDI,3,Both,22,All ages,203,Behavioral risks,3,Rate,2009,9.472907657401008,11.7622574646196,7.916009706834306
29,Summary exposure value,44637,Low SDI,1,Male,26,70+ years,203,Behavioral risks,3,Rate,2009,12.246795597681794,16.816880752714194,8.785061058931708
29,Summary exposure value,44637,Low SDI,2,Female,26,70+ years,203,Behavioral risks,3,Rate,2009,8.123241329527033,12.742804910879007,4.756329286278716
29,Summary exposure value,44637,Low SDI,3,Both,26,70+ years,203,Behavioral risks,3,Rate,2009,10.097832392540598,14.492316234269046,6.7765751914985835
29,Summary exposure value,44637,Low SDI,1,Male,27,Age-standardized,203,Behavioral risks,3,Rate,2009,9.049195659008772,12.289554060818105,6.879021888568309
29,Summary exposure value,44637,Low SDI,2,Female,27,Age-standardized,203,Behavioral risks,3,Rate,2009,10.973088176590457,14.195185810537605,8.660422685068806
29,Summary exposure value,44637,Low SDI,3,Both,27,Age-standardized,203,Behavioral risks,3,Rate,2009,10.000957962854686,13.200973432102991,7.850624923836913
29,Summary exposure value,44637,Low SDI,1,Male,37,20+ years,203,Behavioral risks,3,Rate,2009,10.549576581205164,15.624623297899493,7.317944297055684
29,Summary exposure value,44637,Low SDI,2,Female,37,20+ years,203,Behavioral risks,3,Rate,2009,12.159941080020452,17.118609156979904,8.938405329859526
29,Summary exposure value,44637,Low SDI,3,Both,37,20+ years,203,Behavioral risks,3,Rate,2009,11.360952234857775,16.38724876020996,8.261198164333273
29,Summary exposure value,44637,Low SDI,1,Male,158,<20 years,203,Behavioral risks,3,Rate,2009,5.846132508429908,6.492888024822443,5.370875350781762
29,Summary exposure value,44637,Low SDI,2,Female,158,<20 years,203,Behavioral risks,3,Rate,2009,10.114666692384205,10.762276788396896,9.345792705875745
29,Summary exposure value,44637,Low SDI,3,Both,158,<20 years,203,Behavioral risks,3,Rate,2009,7.938231193217601,8.487541020530667,7.425772633880201
